{
    "kango_version": "1.3.1 ba4b80d08b67", 
    "browser_button": {
        "caption": "Notes", 
        "icon": "icons/32icon.png", 
        "popup": {
            "url": "popup.html", 
            "width": 600, 
            "height": 330
        }, 
        "tooltipText": "simplenote"
    }, 
    "creator": "Kango", 
    "description": "Simple Note", 
    "kango_package_id": "dev", 
    "background_scripts": [
        "main.js"
    ], 
    "homepage_url": "http://simplenote.in/", 
    "version": "1.2.0", 
    "id": "akgjhmioabfflgelhminbafdjigkoofd", 
    "name": "simplenote"
}